"FVHA","Robert Gabriel Mugabe International Airport","ZW",4887
"FLLS","Kenneth Kaunda International Airport Lusaka","ZM",3779
"FACT","Cape Town International Airport","ZA",151
"FAGG","George Airport","ZA",648
"FALE","King Shaka International Airport","ZA",295
"JNB","O R Tambo International","ZA",5558
"FAJS","OR Tambo International Airport","ZA",5558
"FAOR","OR Tambo International Airport","ZA",5558
"BKPR","Pri≈°tina International Airport","XK",1789
"VVDN","Da Nang International Airport","VN",33
"VVNB","Noi Bai International Airport","VN",39
"VVTS","Tan Son Nhat International Airport","VN",33
"SVBC","General Jos√© Antonio Anzoategui International Airport","VE",30
"SVMI","Sim√≥n Bol√≠var International Airport","VE",234
"UTTT","Tashkent International Airport","UZ",1417
"SUMU","Carrasco International /General C L Berisso Airport","UY",105
"KSPI","Abraham Lincoln Capital Airport","US",598
"KABQ","Albuquerque International Sunport","US",5355
"KLTS","Altus Air Force Base","US",1382
"KAVL","Asheville Regional Airport","US",2165
"KAGS","Augusta Regional At Bush Field","US",144
"KAUS","Austin Bergstrom International Airport","US",542
"KGRB","Austin Straubel International Airport","US",695
"KBWI","Baltimore/Washington International Thurgood Marshall Airport","US",146
"KBGR","Bangor International Airport","US",192
"KBAD","Barksdale Air Force Base","US",166
"KBAB","Beale Air Force Base","US",113
"KLIT","Bill &amp; Hillary Clinton National Airport/Adams Field","US",262
"KBIL","Billings Logan International Airport","US",3652
"KBHM","Birmingham-Shuttlesworth International Airport","US",650
"KLEX","Blue Grass Airport","US",979
"KBFI","Boeing Field King County International Airport","US",21
"KBOI","Boise Air Terminal/Gowen Field","US",2871
"KBDL","Bradley International Airport","US",173
"KBUF","Buffalo Niagara International Airport","US",728
"KCVS","Cannon Air Force Base","US",4295
"KBMI","Central Illinois Regional Airport at Bloomington-Normal","US",871
"KCHS","Charleston Air Force Base-International Airport","US",46
"KCLT","Charlotte Douglas International Airport","US",748
"KMDW","Chicago Midway International Airport","US",620
"KORD","Chicago O'Hare International Airport","US",672
"KRFD","Chicago Rockford International Airport","US",742
"KCVG","Cincinnati Northern Kentucky International Airport","US",896
"KCOS","City of Colorado Springs Municipal Airport","US",6187
"KCLE","Cleveland Hopkins International Airport","US",791
"KCAE","Columbia Metropolitan Airport","US",236
"KCBM","Columbus Air Force Base","US",219
"KCRP","Corpus Christi International Airport","US",44
"KDFW","Dallas Fort Worth International Airport","US",607
"KDAL","Dallas Love Field","US",487
"KMSN","Dane County Regional Truax Field","US",887
"PHNL","Daniel K Inouye International Airport","US",13
"KDAB","Daytona Beach International Airport","US",34
"KDEN","Denver International Airport","US",5431
"KDSM","Des Moines International Airport","US",958
"KVPS","Destin-Ft Walton Beach Airport","US",87
"KDTW","Detroit Metropolitan Wayne County Airport","US",645
"KDLF","DLF Airport","US",1082
"KMGE","Dobbins Air Reserve Base","US",1068
"KDOV","Dover Air Force Base","US",24
"KDBQ","Dubuque Regional Airport","US",1077
"KDLH","Duluth International Airport","US",1428
"KDYS","Dyess Air Force Base","US",1789
"KEDW","Edwards Air Force Base","US",2312
"KOMA","Eppley Airfield","US",984
"KERI","Erie International Tom Ridge Field","US",732
"PAFA","Fairbanks International Airport","US",439
"KSKA","Fairchild Air Force Base","US",2461
"KFLL","Fort Lauderdale Hollywood International Airport","US",9
"KFSM","Fort Smith Regional Airport","US",469
"KFWA","Fort Wayne International Airport","US",814
"KAFW","Fort Worth Alliance Airport","US",722
"KFTW","Fort Worth Meacham International Airport","US",710
"KBOS","General Edward Lawrence Logan International Airport","US",20
"KMKE","General Mitchell International Airport","US",723
"KPIA","General Wayne A. Downing Peoria International Airport","US",660
"KIAH","George Bush Intercontinental Houston Airport","US",97
"KROC","Greater Rochester International Airport","US",559
"KGSP","Greenville Spartanburg International Airport","US",964
"KGUS","Grissom Air Reserve Base","US",812
"KGPT","Gulfport Biloxi International Airport","US",28
"KATL","Hartsfield Jackson Atlanta International Airport","US",1026
"KHMN","Holloman Air Force Base","US",4093
"KHSV","Huntsville International Carl T Jones Field","US",629
"KIND","Indianapolis International Airport","US",797
"KJAN","Jackson-Medgar Wiley Evers International Airport","US",346
"KJAX","Jacksonville International Airport","US",30
"KDAY","James M Cox Dayton International Airport","US",1009
"KJFK","John F Kennedy International Airport","US",13
"KCMH","John Glenn Columbus International Airport","US",815
"KSNA","John Wayne Airport-Orange County Airport","US",56
"KADW","Joint Base Andrews","US",280
"KJLN","Joplin Regional Airport","US",981
"KMCI","Kansas City International Airport","US",1026
"KLGA","La Guardia Airport","US",21
"KLFT","Lafayette Regional Airport","US",42
"KLFI","Langley Air Force Base","US",11
"KLAX","Los Angeles International Airport","US",125
"KMSY","Louis Armstrong New Orleans International Airport","US",4
"KSDF","Louisville International Standiford Field","US",501
"KCHA","Lovell Field","US",683
"KLBB","Lubbock Preston Smith International Airport","US",3282
"KLUF","Luke Air Force Base","US",1085
"KMCF","Mac Dill Air Force Base","US",14
"KMHT","Manchester-Boston Regional Airport","US",266
"KMBS","MBS International Airport","US",668
"KLAS","McCarran International Airport","US",2181
"KTCM","McChord Air Force Base","US",322
"KTYS","McGhee Tyson Airport","US",981
"KMEM","Memphis International Airport","US",341
"KOAK","Metropolitan Oakland International Airport","US",9
"KMIA","Miami International Airport","US",8
"KMSP","Minneapolis-St Paul International/Wold-Chamberlain Airport","US",841
"KMOB","Mobile Regional Airport","US",219
"KMLU","Monroe Regional Airport","US",79
"KMGM","Montgomery Regional (Dannelly Field) Airport","US",221
"KMUO","Mountain Home Air Force Base","US",2996
"KBNA","Nashville International Airport","US",599
"KEWR","Newark Liberty International Airport","US",18
"KPHF","Newport News Williamsburg International Airport","US",42
"KORF","Norfolk International Airport","US",26
"KSJC","Norman Y. Mineta San Jose International Airport","US",62
"KONT","Ontario International Airport","US",944
"KMCO","Orlando International Airport","US",96
"KSFB","Orlando Sanford International Airport","US",55
"KPBI","Palm Beach International Airport","US",19
"KPHL","Philadelphia International Airport","US",36
"KPHX","Phoenix Sky Harbor International Airport","US",1135
"KGSO","Piedmont Triad International Airport","US",925
"KPIT","Pittsburgh International Airport","US",1203
"KPDX","Portland International Airport","US",31
"KPWM","Portland International Jetport Airport","US",76
"KMLI","Quad City International Airport","US",590
"KRDU","Raleigh Durham International Airport","US",435
"KRND","Randolph Air Force Base","US",761
"KHIB","Range Regional Airport","US",1354
"KRNO","Reno Tahoe International Airport","US",4415
"KRIC","Richmond International Airport","US",167
"KAMA","Rick Husband Amarillo International Airport","US",3607
"KLCK","Rickenbacker International Airport","US",744
"KROA","Roanoke‚ÄìBlacksburg Regional Airport","US",1175
"KWRB","Robins Air Force Base","US",294
"KRST","Rochester International Airport","US",1317
"KDCA","Ronald Reagan Washington National Airport","US",15
"KSMF","Sacramento International Airport","US",27
"KSLC","Salt Lake City International Airport","US",4227
"KSAT","San Antonio International Airport","US",809
"KSAN","San Diego International Airport","US",17
"KSFO","San Francisco International Airport","US",13
"KSRQ","Sarasota Bradenton International Airport","US",30
"KSAV","Savannah Hilton Head International Airport","US",50
"KBLV","Scott AFB/Midamerica Airport","US",459
"KSEA","Seattle Tacoma International Airport","US",433
"KGSB","Seymour Johnson Air Force Base","US",109
"KSSC","Shaw Air Force Base","US",241
"KSPS","Sheppard Air Force Base-Wichita Falls Municipal Airport","US",1019
"KSUX","Sioux Gateway Col. Bud Day Field","US",1098
"KSBN","South Bend Regional Airport","US",799
"KRSW","Southwest Florida International Airport","US",30
"KSUS","Spirit of St Louis Airport","US",463
"KGEG","Spokane International Airport","US",2376
"KSGF","Springfield Branson National Airport","US",1268
"KSTL","St Louis Lambert International Airport","US",618
"KSYR","Syracuse Hancock International Airport","US",421
"KTLH","Tallahassee Regional Airport","US",81
"KTPA","Tampa International Airport","US",26
"PANC","Ted Stevens Anchorage International Airport","US",152
"KCID","The Eastern Iowa Airport","US",869
"KPVD","Theodore Francis Green State Airport","US",55
"KTIK","Tinker Air Force Base","US",1291
"KTOL","Toledo Express Airport","US",683
"KSUU","Travis Air Force Base","US",62
"KTRI","Tri-Cities Regional TN/VA Airport","US",1519
"KHTS","Tri-State/Milton J. Ferguson Field","US",828
"KTUS","Tucson International Airport","US",2643
"KTUL","Tulsa International Airport","US",677
"KPAM","Tyndall Air Force Base","US",17
"KEND","Vance Air Force Base","US",1307
"KVBG","Vandenberg Air Force Base","US",369
"KIAD","Washington Dulles International Airport","US",312
"KSZL","Whiteman Air Force Base","US",870
"KICT","Wichita Eisenhower National Airport","US",1333
"KOKC","Will Rogers World Airport","US",1295
"KHOU","William P Hobby Airport","US",46
"KFFO","Wright-Patterson Air Force Base","US",823
"KCRW","Yeager Airport","US",981
"HUEN","Entebbe International Airport","UG",3782
"UKBB","Boryspil International Airport","UA",427
"UKHH","Kharkiv International Airport","UA",508
"UKOO","Odessa International Airport","UA",172
"UKFF","Simferopol International Airport","UA",639
"HTZA","Abeid Amani Karume International Airport","TZ",54
"HTDA","Julius Nyerere International Airport","TZ",182
"RCKH","Kaohsiung International Airport","TW",31
"RCBS","Kinmen Airport","TW",93
"RCTP","Taiwan Taoyuan International Airport","TW",106
"LTAF","Adana Airport","TR",65
"LTBJ","Adnan Menderes International Airport","TR",412
"LTAI","Antalya International Airport","TR",177
"LTBA","Atat√ºrk International Airport","TR",163
"LTBS","Dalaman International Airport","TR",20
"LTCE","Erzurum International Airport","TR",5763
"LTAC","Esenboƒüa International Airport","TR",3125
"LTAJ","Gaziantep International Airport","TR",2315
"TR-0043","Istanbul Airport","TR",325
"LTFE","Milas Bodrum International Airport","TR",21
"LTFC","S√ºleyman Demirel International Airport","TR",2835
"LTFJ","Sabiha G√∂k√ßen International Airport","TR",312
"LTCG","Trabzon International Airport","TR",104
"TN-0002","Enfidha - Hammamet International Airport","TN",21
"DTTA","Tunis Carthage International Airport","TN",22
"UTAA","Ashgabat International Airport","TM",692
"VTCC","Chiang Mai International Airport","TH",1036
"VTBD","Don Mueang International Airport","TH",9
"VTSP","Phuket International Airport","TH",82
"VTBS","Suvarnabhumi Airport","TH",5
"FTTJ","N'Djamena International Airport","TD",968
"OSAP","Aleppo International Airport","SY",1276
"OSLK","Bassel Al-Assad International Airport","SY",157
"OSDI","Damascus International Airport","SY",2020
"TNCM","Princess Juliana International Airport","SX",13
"MSLP","Monse√±or √ìscar Arnulfo Romero International Airport","SV",101
"HSSJ","Juba International Airport","SS",1513
"GOBD","Blaise Diagne International Airport","SN",290
"GOOY","L√©opold S√©dar Senghor International Airport","SN",85
"GFLL","Lungi International Airport","SL",84
"LZIB","M. R. ≈†tef√°nik Airport","SK",436
"LJLJ","Ljubljana Jo≈æe Puƒçnik Airport","SI",1273
"WSSS","Singapore Changi Airport","SG",22
"ESGG","Gothenburg-Landvetter Airport","SE",506
"ESPA","Lule√• Airport","SE",65
"ESMS","Malm√∂ Sturup Airport","SE",236
"ESSA","Stockholm-Arlanda Airport","SE",137
"HSSS","Khartoum International Airport","SD",1265
"FSIA","Seychelles International Airport","SC",10
"OEDR","King Abdulaziz Air Base","SA",84
"OEJN","King Abdulaziz International Airport","SA",48
"OEDF","King Fahd International Airport","SA",72
"OERK","King Khaled International Airport","SA",2049
"OEMA","Prince Mohammad Bin Abdulaziz Airport","SA",2151
"HRYR","Kigali International Airport","RW",4859
"UWKG","Borisoglebskoye Airport","RU",213
"UUDD","Domodedovo International Airport","RU",588
"RU-0035","Grozny North Airport","RU",548
"UWKD","Kazan International Airport","RU",411
"UHHH","Khabarovsk-Novy Airport","RU",244
"USSS","Koltsovo Airport","RU",764
"UWWW","Kurumoch International Airport","RU",477
"RU-0016","Lipetsk Air Base","RU",636
"RU-4464","Olenya Air Base","RU",702
"URRP","Platov International Airport","RU",213
"ULLI","Pulkovo Airport","RU",78
"UUEE","Sheremetyevo International Airport","RU",622
"URSS","Sochi International Airport","RU",89
"UNNT","Tolmachevo Airport","RU",365
"UWUU","Ufa International Airport","RU",449
"RU-2244","Ukrainka Air Base","RU",771
"UUWW","Vnukovo International Airport","RU",685
"UNKL","Yemelyanovo Airport","RU",942
"UUBW","Zhukovsky International Airport","RU",377
"LYBE","Belgrade Nikola Tesla Airport","RS",335
"LROP","Henri CoandƒÉ International Airport","RO",314
"QA-0001","Hamad International Airport","QA",13
"LPFR","Faro Airport","PT",24
"LPPR","Francisco de S√° Carneiro Airport","PT",228
"LPPT","Humberto Delgado Airport (Lisbon Portela Airport)","PT",374
"LPPD","Jo√£o Paulo II Airport","PT",259
"LPLA","Lajes Airport","PT",180
"TJSJ","Luis Munoz Marin International Airport","PR",9
"EPWR","Copernicus Wroc≈Çaw Airport","PL",404
"EPGD","Gda≈Ñsk Lech Wa≈Çƒôsa Airport","PL",489
"EPKT","Katowice International Airport","PL",995
"EPKK","Krak√≥w John Paul II International Airport","PL",791
"EPMO","Modlin Airport","PL",341
"EPPO","Pozna≈Ñ-≈Åawica Airport","PL",308
"EPWA","Warsaw Chopin Airport","PL",362
"PK-0001","New Islamabad International Airport","PK",1646
"OPST","Sialkot Airport","PK",837
"RPLC","Diosdado Macapagal International Airport","PH",484
"RPMD","Francisco Bangoy International Airport","PH",96
"PH-0001","Laguindingan Airport","PH",190
"RPVM","Mactan Cebu International Airport","PH",31
"RPLL","Ninoy Aquino International Airport","PH",75
"PH-0073","Northern Cagayan International Airport","PH",
"AYPY","Port Moresby Jacksons International Airport","PG",146
"NTAA","Faa'a International Airport","PF",5
"SPZO","Alejandro Velasco Astete International Airport","PE",10860
"SPIM","Jorge Ch√°vez International Airport","PE",113
"MPTO","Tocumen International Airport","PA",135
"OM-0003","Duqm International Airport","OM",364
"OOMS","Muscat International Airport","OM",48
"OM-0004","Rustaq Airport","OM",349
"NZAA","Auckland International Airport","NZ",23
"NZCH","Christchurch International Airport","NZ",123
"NZWN","Wellington International Airport","NZ",41
"VNKT","Tribhuvan International Airport","NP",4390
"ENBR","Bergen Airport Flesland","NO",170
"ENBO","Bod√∏ Airport","NO",42
"ENGM","Oslo Gardermoen Airport","NO",681
"ENZV","Stavanger Airport Sola","NO",29
"ENTC","Troms√∏ Airport","NO",31
"ENVA","Trondheim Airport V√¶rnes","NO",56
"EHAM","Amsterdam Airport Schiphol","NL",-11
"EHEH","Eindhoven Airport","NL",74
"DNAI","Akwa Ibom International Airport","NG",170
"DNKN","Mallam Aminu International Airport","NG",1562
"DNMM","Murtala Muhammed International Airport","NG",135
"DNAA","Nnamdi Azikiwe International Airport","NG",1123
"DRRN","Diori Hamani International Airport","NE",732
"FYWH","Hosea Kutako International Airport","NA",5640
"FQMA","Maputo Airport","MZ",145
"WMKK","Kuala Lumpur International Airport","MY",69
"MMUN","Canc√∫n International Airport","MX",22
"MMGL","Don Miguel Hidalgo Y Costilla International Airport","MX",5016
"MMTJ","General Abelardo L. Rodr√≠guez International Airport","MX",489
"MMHO","General Ignacio P. Garcia International Airport","MX",627
"MMAA","General Juan N Alvarez International Airport","MX",16
"MMMY","General Mariano Escobedo International Airport","MX",1278
"MMMX","Licenciado Benito Juarez International Airport","MX",7316
"MMPR","Licenciado Gustavo D√≠az Ordaz International Airport","MX",23
"MMSD","Los Cabos International Airport","MX",374
"VRMM","Mal√© International Airport","MV",6
"FIMP","Sir Seewoosagur Ramgoolam International Airport","MU",186
"LMML","Malta International Airport","MT",300
"GQNO","Nouakchott‚ÄìOumtounsy International Airport","MR",9
"VMMC","Macau International Airport","MO",20
"ZMUB","Chinggis Khaan International Airport","MN",4364
"VYMD","Mandalay International Airport","MM",300
"VYYY","Yangon International Airport","MM",109
"GABS","Modibo Keita International Airport","ML",1247
"LWSK","Skopje Alexander the Great Airport","MK",781
"FMMI","Ivato Airport","MG",4198
"LYPG","Podgorica Airport","ME",141
"GMMN","Mohammed V International Airport","MA",656
"HLLT","Tripoli International Airport","LY",263
"EVRA","Riga International Airport","LV",36
"ELLX","Luxembourg-Findel International Airport","LU",1234
"EYVI","Vilnius International Airport","LT",648
"GLRB","Roberts International Airport","LR",31
"VCBI","Bandaranaike International Colombo Airport","LK",30
"VCRI","Mattala Rajapaksa International Airport","LK",157
"OLBA","Beirut Rafic Hariri International Airport","LB",87
"UAAA","Almaty Airport","KZ",2234
"UACC","Astana International Airport","KZ",1165
"UAKK","Sary-Arka Airport","KZ",1765
"MWCR","Owen Roberts International Airport","KY",8
"OKBK","Kuwait International Airport","KW",206
"RKTU","Cheongju International Airport/Cheongju Air Base (K-59/G-513)","KR",191
"RKPK","Gimhae International Airport","KR",6
"RKSS","Gimpo International Airport","KR",59
"RKSI","Incheon International Airport","KR",23
"RKPC","Jeju International Airport","KR",118
"RKJK","Kunsan Air Base","KR",29
"RKJB","Muan International Airport","KR",35
"RKSO","Osan Air Base","KR",38
"VDPP","Phnom Penh International Airport","KH",40
"VDSR","Siem Reap International Airport","KH",60
"UAFM","Manas International Airport","KG",2058
"HKJK","Jomo Kenyatta International Airport","KE",5330
"HKMO","Mombasa Moi International Airport","KE",200
"RJGG","Chubu Centrair International Airport","JP",15
"RJFF","Fukuoka Airport","JP",32
"RODN","Kadena Air Base","JP",143
"RJFK","Kagoshima Airport","JP",906
"RJBB","Kansai International Airport","JP",26
"rjns","Mt. Fuji Shizuoka Airport","JP",433
"ROAH","Naha Airport","JP",12
"RJAA","Narita International Airport","JP",141
"RJCC","New Chitose Airport","JP",82
"RJOO","Osaka International Airport","JP",50
"RJTT","Tokyo Haneda International Airport","JP",35
"RJTY","Yokota Air Base","JP",463
"OJAI","Queen Alia International Airport","JO",2395
"MKJP","Norman Manley International Airport","JM",10
"LIBD","Bari Karol Wojty≈Ça Airport","IT",177
"LIPE","Bologna Guglielmo Marconi Airport","IT",123
"LIEE","Cagliari Elmas Airport","IT",13
"LICC","Catania-Fontanarossa Airport","IT",39
"LIRA","Ciampino‚ÄìG. B. Pastine International Airport","IT",427
"LICJ","Falcone‚ÄìBorsellino Airport","IT",65
"LIMJ","Genoa Cristoforo Colombo Airport","IT",13
"LIME","Il Caravaggio International Airport","IT",782
"LIRF","Leonardo da Vinci‚ÄìFiumicino Airport","IT",13
"LIMC","Malpensa International Airport","IT",768
"LIML","Milano Linate Airport","IT",353
"LIRN","Naples International Airport","IT",294
"LIRP","Pisa International Airport","IT",6
"LIPH","Treviso-Sant'Angelo Airport","IT",59
"LIMF","Turin Airport","IT",989
"LIPZ","Venice Marco Polo Airport","IT",7
"LIPX","Verona Villafranca Airport","IT",239
"BIKF","Keflavik International Airport","IS",171
"OIIE","Imam Khomeini International Airport","IR",3305
"OIMM","Mashhad International Airport","IR",3263
"OIII","Mehrabad International Airport","IR",3962
"OISS","Shiraz Shahid Dastghaib International Airport","IR",4920
"OITT","Tabriz International Airport","IR",4459
"ORBI","Baghdad International Airport","IQ",114
"ORMM","Basrah International Airport","IQ",11
"VOCL","Calicut International Airport","IN",342
"VOMM","Chennai International Airport","IN",52
"VABB","Chhatrapati Shivaji International Airport","IN",39
"VOCI","Cochin International Airport","IN",30
"VAGO","Dabolim Airport","IN",150
"VIDP","Indira Gandhi International Airport","IN",777
"VOBL","Kempegowda International Airport","IN",3000
"VECC","Netaji Subhash Chandra Bose International Airport","IN",16
"VOHS","Rajiv Gandhi International Airport","IN",2024
"VIAR","Sri Guru Ram Dass Jee International Airport","IN",756
"VOTV","Trivandrum International Airport","IN",15
"LLBG","Ben Gurion International Airport","IL",135
"LLOV","Ovda International Airport","IL",1492
"EICK","Cork Airport","IE",502
"EIDW","Dublin Airport","IE",242
"EINN","Shannon Airport","IE",46
"WAXX","Dominique Edward Osok Airport","ID",10
"WAAA","Hasanuddin International Airport","ID",47
"WARR","Juanda International Airport","ID",9
"WIMM","Kualanamu International Airport","ID",23
"WADD","Ngurah Rai (Bali) International Airport","ID",14
"WAJJ","Sentani International Airport","ID",289
"WIII","Soekarno-Hatta International Airport","ID",34
"ID-0017","Sungai Siring International Airport","ID",82
"LHBP","Budapest Liszt Ferenc International Airport","HU",495
"LDZA","Zagreb Airport","HR",353
"VHHH","Hong Kong International Airport","HK",28
"PGUM","Antonio B. Won Pat International Airport","GU",298
"MGGT","La Aurora Airport","GT",4952
"LGAV","Eleftherios Venizelos International Airport","GR",308
"LGIR","Heraklion International Nikos Kazantzakis Airport","GR",115
"LGTS","Thessaloniki Macedonia International Airport","GR",22
"TFFR","Pointe-√†-Pitre Le Raizet","GP",36
"DGAA","Kotoka International Airport","GH",205
"UGTB","Tbilisi International Airport","GE",1624
"EGPD","Aberdeen Dyce Airport","GB",215
"EGAA","Belfast International Airport","GB",268
"EGBB","Birmingham International Airport","GB",327
"EGHH","Bournemouth Airport","GB",38
"EGGD","Bristol Airport","GB",622
"EGFF","Cardiff International Airport","GB",220
"EGNX","East Midlands Airport","GB",306
"EGPH","Edinburgh Airport","GB",135
"EGTE","Exeter International Airport","GB",102
"EGAC","George Best Belfast City Airport","GB",15
"EGPF","Glasgow International Airport","GB",26
"EGNM","Leeds Bradford Airport","GB",681
"EGGP","Liverpool John Lennon Airport","GB",80
"EGKK","London Gatwick Airport","GB",202
"EGLL","London Heathrow Airport","GB",83
"EGGW","London Luton Airport","GB",526
"EGSS","London Stansted Airport","GB",348
"EGCC","Manchester Airport","GB",257
"EGNT","Newcastle Airport","GB",266
"EGSH","Norwich International Airport","GB",117
"LCRA","RAF Akrotiri","GB",76
"EGVN","RAF Brize Norton","GB",288
"EGVA","RAF Fairford","GB",286
"EGUL","RAF Lakenheath","GB",32
"EGUN","RAF Mildenhall","GB",33
"EGCN","Robin Hood Doncaster Sheffield Airport","GB",55
"EGHI","Southampton Airport","GB",44
"LFOA","Avord (BA 702) Air Base","FR",580
"LFBD","Bordeaux-M√©rignac Airport","FR",162
"LFPG","Charles de Gaulle International Airport","FR",392
"LFSB","EuroAirport Basel-Mulhouse-Freiburg Airport","FR",885
"LFLL","Lyon Saint-Exup√©ry Airport","FR",821
"LFML","Marseille Provence Airport","FR",74
"LFMN","Nice-C√¥te d'Azur Airport","FR",12
"LFPO","Paris-Orly Airport","FR",291
"LFBO","Toulouse-Blagnac Airport","FR",499
"EFHK","Helsinki Vantaa Airport","FI",179
"HAAB","Addis Ababa Bole International Airport","ET",7630
"LEMD","Adolfo Su√°rez Madrid‚ÄìBarajas Airport","ES",1998
"LEAL","Alicante International Airport","ES",142
"LEBL","Barcelona International Airport","ES",12
"GCLP","Gran Canaria Airport","ES",78
"GCLA","La Palma Airport","ES",107
"LEMG","M√°laga Airport","ES",53
"LEPA","Palma De Mallorca Airport","ES",27
"LEST","Santiago de Compostela Airport","ES",1213
"GCXO","Tenerife Norte Airport","ES",2076
"GCTS","Tenerife South Airport","ES",209
"HECA","Cairo International Airport","EG",382
"HEGN","Hurghada International Airport","EG",52
"HELX","Luxor International Airport","EG",294
"EETN","Lennart Meri Tallinn Airport","EE",131
"SELT","Cotopaxi International Airport","EC",9205
"SEQM","Mariscal Sucre International Airport","EC",7841
"DAAG","Houari Boumediene Airport","DZ",82
"MDSD","Las Am√©ricas International Airport","DO",59
"MDPC","Punta Cana International Airport","DO",47
"EKYT","Aalborg Airport","DK",10
"EKBI","Billund Airport","DK",247
"EKCH","Copenhagen Kastrup Airport","DK",17
"EDDB","Berlin-Sch√∂nefeld Airport","DE",157
"EDDT","Berlin-Tegel Airport","DE",122
"EDDW","Bremen Airport","DE",14
"EDDK","Cologne Bonn Airport","DE",302
"EDDL","D√ºsseldorf Airport","DE",147
"EDLW","Dortmund Airport","DE",425
"EDDC","Dresden Airport","DE",755
"EDDF","Frankfurt am Main Airport","DE",364
"EDDH","Hamburg Airport","DE",53
"EDDV","Hannover Airport","DE",183
"EDSB","Karlsruhe Baden-Baden Airport","DE",408
"EDDP","Leipzig/Halle Airport","DE",465
"EDDG","M√ºnster Osnabr√ºck Airport","DE",160
"EDDM","Munich Airport","DE",1487
"EDDN","Nuremberg Airport","DE",1046
"ETAR","Ramstein Air Base","DE",776
"EDDS","Stuttgart Airport","DE",1276
"LKPR","V√°clav Havel Airport Prague","CZ",1247
"LCLK","Larnaca International Airport","CY",8
"LCPH","Paphos International Airport","CY",41
"GVAC","Am√≠lcar Cabral International Airport","CV",177
"MUHA","Jos√© Mart√≠ International Airport","CU",210
"MUVR","Juan Gualberto Gomez International Airport","CU",210
"MRLB","Daniel Oduber Quiros International Airport","CR",270
"SKBO","El Dorado International Airport","CO",8361
"ZWWW","√úr√ºmqi Diwopu International Airport","CN",2125
"ZBHH","Baita International Airport","CN",3556
"ZBAA","Beijing Capital International Airport","CN",116
"ZBAD","Beijing Daxing International Airport","CN",98
"ZBNY","Beijing Nanyuan Airport","CN",
"ZGHA","Changsha Huanghua International Airport","CN",217
"ZUUU","Chengdu Shuangliu International Airport","CN",1625
"ZUCK","Chongqing Jiangbei International Airport","CN",1365
"ZSFZ","Fuzhou Changle International Airport","CN",46
"ZGGG","Guangzhou Baiyun International Airport","CN",50
"ZGKL","Guilin Liangjiang International Airport","CN",570
"CN-0083","Guodu air base","CN",
"ZJHK","Haikou Meilan International Airport","CN",75
"ZSHC","Hangzhou Xiaoshan International Airport","CN",23
"ZPPP","Kunming Changshui International Airport","CN",6903
"ZUGY","Longdongbao Airport","CN",3736
"ZSNJ","Nanjing Lukou Airport","CN",49
"ZGNN","Nanning Wuxu Airport","CN",421
"ZSNB","Ningbo Lishe International Airport","CN",13
"ZJSY","Sanya Phoenix International Airport","CN",92
"ZSSS","Shanghai Hongqiao International Airport","CN",10
"ZSPD","Shanghai Pudong International Airport","CN",13
"ZGSZ","Shenzhen Bao'an International Airport","CN",13
"ZYHB","Taiping Airport","CN",457
"ZBYN","Taiyuan Wusu Airport","CN",2575
"ZYTX","Taoxian Airport","CN",198
"ZBTJ","Tianjin Binhai International Airport","CN",10
"ZSWZ","Wenzhou Longwan International Airport","CN",
"ZHHH","Wuhan Tianhe International Airport","CN",113
"ZLXY","Xi'an Xianyang International Airport","CN",1572
"ZSAM","Xiamen Gaoqi International Airport","CN",59
"ZSJN","Yaoqiang Airport","CN",76
"ZHCC","Zhengzhou Xinzheng International Airport","CN",495
"ZYTL","Zhoushuizi Airport","CN",107
"SCEL","Comodoro Arturo Merino Ben√≠tez International Airport","CL",1555
"NCRG","Rarotonga International Airport","CK",19
"LSGG","Geneva Cointrin International Airport","CH",1411
"LSZH","Z√ºrich Airport","CH",1416
"FZAA","Ndjili International Airport","CD",1027
"CYYC","Calgary International Airport","CA",3557
"CA-0671","Cyll","CA",
"CYEG","Edmonton International Airport","CA",2373
"CYHZ","Halifax / Stanfield International Airport","CA",477
"CYYZ","Lester B. Pearson International Airport","CA",569
"CYUL","Montreal / Pierre Elliott Trudeau International Airport","CA",118
"CYOW","Ottawa Macdonald-Cartier International Airport","CA",374
"CYYT","St. John's International Airport","CA",461
"CYVR","Vancouver International Airport","CA",14
"CYYJ","Victoria International Airport","CA",63
"CYWG","Winnipeg / James Armstrong Richardson International Airport","CA",783
"MZBZ","Philip S. W. Goldson International Airport","BZ",15
"UMMS","Minsk National Airport","BY",670
"FBSK","Sir Seretse Khama International Airport","BW",3299
"MYNN","Lynden Pindling International Airport","BS",16
"SBCT","Afonso Pena Airport","BR",2988
"SBSP","Congonhas Airport","BR",2631
"SBSV","Deputado Luiz Eduardo Magalh√£es International Airport","BR",64
"SBSG","Governador Alu√≠zio Alves International Airport","BR",272
"SBGR","Guarulhos - Governador Andr√© Franco Montoro International Airport","BR",2459
"SBFL","Herc√≠lio Luz International Airport","BR",16
"SBBR","Presidente Juscelino Kubistschek International Airport","BR",3497
"SBGL","Rio Gale√£o ‚Äì Tom Jobim International Airport","BR",28
"SBCF","Tancredo Neves International Airport","BR",2715
"SBBE","Val de Cans/J√∫lio Cezar Ribeiro International Airport","BR",54
"SLVR","Viru Viru International Airport","BO",1224
"WBSB","Brunei International Airport","BN",73
"OBBI","Bahrain International Airport","BH",6
"LBBG","Burgas Airport","BG",135
"LBSF","Sofia Airport","BG",1742
"LBWN","Varna Airport","BG",230
"DFFD","Ouagadougou Airport","BF",1037
"EBBR","Brussels Airport","BE",184
"EBCI","Brussels South Charleroi Airport","BE",614
"EBLG","Li√®ge Airport","BE",659
"VGZR","Hazrat Shahjalal International Airport","BD",30
"LQSA","Sarajevo International Airport","BA",1708
"UBBB","Heydar Aliyev International Airport","AZ",10
"YPAD","Adelaide International Airport","AU",20
"YBBN","Brisbane International Airport","AU",13
"YSCB","Canberra International Airport","AU",1886
"YMML","Melbourne International Airport","AU",434
"YPPH","Perth International Airport","AU",67
"YSSY","Sydney Kingsford Smith International Airport","AU",21
"LOWW","Vienna International Airport","AT",600
"SAEZ","Ministro Pistarini International Airport","AR",67
"FNLU","Quatro de Fevereiro Airport","AO",243
"UDYZ","Zvartnots International Airport","AM",2838
"LATI","Tirana International Airport Mother Teresa","AL",126
"OMAA","Abu Dhabi International Airport","AE",88
"OMDW","Al Maktoum International Airport","AE",114
"OMDB","Dubai International Airport","AE",62
"OMSJ","Sharjah International Airport","AE",111